{
  "checkpoint": "outputs/trainval_ablation/res256_depth1m_lr_decay/from30k_lr3e4_10k/debug_model_step34000.pt",
  "threshold": 0.5,
  "max_batches": 100,
  "min_area": 3,
  "grid_size_m": 0.5,
  "gt": {
    "components": 3400,
    "area_px": {
      "count": 3400,
      "mean": 59.21264705882353,
      "median": 50.0,
      "p75": 58.0,
      "p90": 97.0,
      "p95": 150.0,
      "max": 374.0
    },
    "area_m2": {
      "count": 3400,
      "mean": 14.803161764705882,
      "median": 12.5,
      "p75": 14.5,
      "p90": 24.25,
      "p95": 37.5,
      "max": 93.5
    },
    "bbox_w_m": {
      "count": 3400,
      "mean": 3.738088235294118,
      "median": 3.0,
      "p75": 4.5,
      "p90": 5.5,
      "p95": 7.5,
      "max": 20.0
    },
    "bbox_h_m": {
      "count": 3400,
      "mean": 5.1425,
      "median": 5.0,
      "p75": 5.5,
      "p90": 7.5,
      "p95": 9.0,
      "max": 15.5
    },
    "bbox_aspect": {
      "count": 3400,
      "mean": 1.9196676909067771,
      "median": 2.0,
      "p75": 2.2,
      "p90": 2.5,
      "p95": 2.75,
      "max": 21.0
    },
    "oriented_w_m": {
      "count": 3400,
      "mean": 5.262643466065912,
      "median": 4.706787109375,
      "p75": 5.300825357437134,
      "p90": 7.5,
      "p95": 10.0,
      "max": 21.029146194458008
    },
    "oriented_h_m": {
      "count": 3400,
      "mean": 2.2724285691450623,
      "median": 2.0,
      "p75": 2.5,
      "p90": 3.0,
      "p95": 3.5,
      "max": 8.246211051940918
    },
    "oriented_aspect": {
      "count": 3400,
      "mean": 15590.586864027495,
      "median": 2.25,
      "p75": 2.5,
      "p90": 3.0,
      "p95": 3.5,
      "max": 20000000.0
    }
  },
  "pred": {
    "components": 2277,
    "area_px": {
      "count": 2277,
      "mean": 88.44927536231884,
      "median": 62.0,
      "p75": 105.0,
      "p90": 182.0,
      "p95": 240.19999999999982,
      "max": 757.0
    },
    "area_m2": {
      "count": 2277,
      "mean": 22.11231884057971,
      "median": 15.5,
      "p75": 26.25,
      "p90": 45.5,
      "p95": 60.049999999999955,
      "max": 189.25
    },
    "bbox_w_m": {
      "count": 2277,
      "mean": 3.996486605182257,
      "median": 3.0,
      "p75": 4.0,
      "p90": 6.5,
      "p95": 9.0,
      "max": 31.5
    },
    "bbox_h_m": {
      "count": 2277,
      "mean": 7.401405357927097,
      "median": 6.0,
      "p75": 8.0,
      "p90": 13.5,
      "p95": 17.5,
      "max": 37.0
    },
    "bbox_aspect": {
      "count": 2277,
      "mean": 2.3894859084251157,
      "median": 2.0,
      "p75": 2.5,
      "p90": 3.940000000000009,
      "p95": 5.166666666666667,
      "max": 12.333333333333334
    },
    "oriented_w_m": {
      "count": 2277,
      "mean": 7.599629433520488,
      "median": 5.5,
      "p75": 8.5,
      "p90": 14.5,
      "p95": 18.556838226318355,
      "max": 36.49999237060547
    },
    "oriented_h_m": {
      "count": 2277,
      "mean": 2.7040926073144074,
      "median": 2.5,
      "p75": 3.0,
      "p90": 4.0,
      "p95": 5.148463630676269,
      "max": 12.609664916992188
    },
    "oriented_aspect": {
      "count": 2277,
      "mean": 5272.956835479817,
      "median": 2.4,
      "p75": 3.0,
      "p90": 4.61673085642396,
      "p95": 6.5,
      "max": 4000000.0
    }
  }
}