step,val_loss,val_sigmoid_min,val_sigmoid_mean,val_sigmoid_max,val_gt_positive,val_iou_at_0.5,val_precision_at_0.5,val_recall_at_0.5,val_pred_positive_at_0.5,val_iou_at_0.25,val_precision_at_0.25,val_recall_at_0.25,val_pred_positive_at_0.25,val_iou_at_0.1,val_precision_at_0.1,val_recall_at_0.1,val_pred_positive_at_0.1
32000,0.05096909168176353,3.089274679473012e-32,0.018718998308759182,0.9999998807907104,201326,0.38154022042035707,0.5477896814346919,0.5569673067562063,204699,0.33255207773373757,0.3905247416693087,0.6913761759534288,356423,0.2530106943154103,0.27078163509015607,0.7940355443410191,590365
34000,0.050978250931948424,1.0695049861803398e-15,0.01775555799715221,1.0,201326,0.38618669677090717,0.5570559761697902,0.557329902744802,201425,0.34125131145360776,0.40364666023835255,0.6882419558328283,343273,0.26145941265343736,0.2805622838433854,0.7933898254572186,569321
36000,0.05049916947260499,0.0,0.018434681470971555,1.0,201326,0.3842308932602386,0.5539969035806677,0.5563166208040691,202169,0.3295666639138283,0.38567337933624374,0.6937603687551533,362151,0.2512953853654268,0.26827567569370997,0.7988039299444681,599458
38000,0.051426789946854116,1.8880822470474783e-25,0.017114694912452252,1.0,201326,0.383342323951359,0.5691619117416112,0.5400544390689727,191030,0.34038984122857235,0.4066365629162411,0.6763110576875316,334842,0.2660281091936671,0.2877404961922392,0.7790300308951651,545071
40000,0.05215008807368576,9.311280251730952e-25,0.017903074680361897,1.0,201326,0.3818731810624787,0.5432512173475017,0.5624608843368467,208445,0.33401091388677145,0.3944315213726017,0.6855796072042359,349934,0.261009272627887,0.281711255646473,0.7803065674577551,557649
